"filename", "language", "Java", "comment", "blank", "total"
"c:\Users\Dasika Sarath\Desktop\sheprenure\src\main\java\ec\example\sheprenure\Repository\OrderItemListRepository.java", "Java", 2, 0, -1, 1
"c:\Users\Dasika Sarath\Desktop\sheprenure\src\main\java\ec\example\sheprenure\Repository\OrderListRepository.java", "Java", 3, 0, -1, 2
"c:\Users\Dasika Sarath\Desktop\sheprenure\src\main\java\ec\example\sheprenure\Services\CartItemService.java", "Java", 9, 0, -1, 8
"c:\Users\Dasika Sarath\Desktop\sheprenure\src\main\java\ec\example\sheprenure\Services\CartService.java", "Java", 58, 0, 25, 83
"c:\Users\Dasika Sarath\Desktop\sheprenure\src\main\java\ec\example\sheprenure\Services\CloudService.java", "Java", 4, 0, 5, 9
"c:\Users\Dasika Sarath\Desktop\sheprenure\src\main\java\ec\example\sheprenure\Services\OrderListService.java", "Java", 6, 0, 4, 10
"c:\Users\Dasika Sarath\Desktop\sheprenure\src\main\java\ec\example\sheprenure\Services\OrderService.java", "Java", 20, 0, 5, 25
"c:\Users\Dasika Sarath\Desktop\sheprenure\src\main\java\ec\example\sheprenure\Services\ProductService.java", "Java", 20, 0, 5, 25
"c:\Users\Dasika Sarath\Desktop\sheprenure\src\main\java\ec\example\sheprenure\controllers\CartController.java", "Java", 15, 3, 4, 22
"c:\Users\Dasika Sarath\Desktop\sheprenure\src\main\java\ec\example\sheprenure\controllers\OrderController.java", "Java", 11, 2, 7, 20
"c:\Users\Dasika Sarath\Desktop\sheprenure\src\main\java\ec\example\sheprenure\controllers\OrderItemList.java", "Java", -10, 0, -6, -16
"c:\Users\Dasika Sarath\Desktop\sheprenure\src\main\java\ec\example\sheprenure\controllers\OrderListController.java", "Java", 6, 1, 4, 11
"c:\Users\Dasika Sarath\Desktop\sheprenure\src\main\java\ec\example\sheprenure\controllers\productController.java", "Java", 4, 1, 1, 6
"c:\Users\Dasika Sarath\Desktop\sheprenure\src\main\java\ec\example\sheprenure\dto\incredecreDto.java", "Java", 7, 0, 5, 12
"Total", "-", 155, 7, 56, 218